A2,A302,A4,ARR,B1,B2,B3,B4,BoudemanKappy,BoudemanMain,Brookdale,BruceWillis,ButlerWest,C1,C2,C3,C4,Calme,CCEE17,CCEE18,CCEX17,CCEX18,CCW_18,CCWE17,CCWE18,CCWX17,ConradN,D1,E1,ELF_AntonEastAddition,ELF_AntonWest,ELF_BarnhouseSouth1,ELF_Bohunk2,ELF_ELI,ELF_Gench,ELF_GenchAgNE,ELF_GenchAgNW,ELF_GenchAgSE,ELF_GenchAgSW,ELF_HQAddition,ELF_KneppleCorridor,ELF_ParsonsNorth,F1,FCXX17,FCXX18,FRR,FRRE,GilchristPhase1,GilchristPhase2,GlacialPark,GooseLake417,GooseLake463,Groos_Prairie,Groos_SESavanna,Groos_SWSavanna,H1,H2,HFXX17,HFXX18,HighPoint1,HighPoint3,HillcrestTall,HLPX17,HLPX18,HPNX17,HPNX18,HPWX17,HPWX18,HuronTDr,J1,J2,J3,JSE,K1998,K1999,K2,K2015,K79,KildeaBack,KishCorr54,KishCorr871Mesic,KishCorr873Dry,KishHead1,KishHead3,KNC_Central,KNC_North,KNC_South,L2,L6,LN,LXXX17,LXXX18,Marengo282,Marengo84,Mehring,Monsanto,MUXX17,MUXX18,NorthBranch,O1,O2,PioneerFen,PleasantValley55,PleasantValley81,PokagonEast,PokagonWest,SandCreekDryEast,SandCreekMesic,SBEE17,SBEE18,SBEW17,SBEW18,SBXX17,SBXX18,SFXX17,SFXX18,StickneyRun,TCEX17,TCEX18,TCXX17,TCXX18,WHXX17,WHXX18
A2_m15,A302_m15,A4_m15,ARR_m15,B1_m15,B2_m15,B3_m15,B4_m15,BoudemanKappy_m0,BoudemanMain_m0,Brookdale_m15,BruceWillis_m10,ButlerWest_m0,C1_m15,C2_m15,C3_m15,C4_m15,Calme_m0,CCEE_A3..,CCEE_A3_18,CCEX_A2226t,CCEX_A2_18,CCW_A1_18,CCWE_A2414t,CCWE_A2_18,CCWX_A1106,ConradN_m15,D1_m15,E1_m15,ELF_AntonEastAddition_m0,ELF_AntonWest_m0,ELF_BarnhouseSouth1_m0,ELF_Bohunk2_m0,ELF_ELI_m0,ELF_Gench_m0,ELF_GenchAgNE_m0,ELF_GenchAgNW_m0,ELF_GenchAgSE_m0,ELF_GenchAgSW_m0,ELF_HQAddition_m0,ELF_KneppleCorridor_m0,ELF_ParsonsNorth_m0,F1_m15,FCXX_A3441t,FCXX_A3_18,FRR_m15,FRRE_m15,GilchristPhase1_m0,GilchristPhase2_m0,GlacialPark_m15,GooseLake417_m15,GooseLake463_m15,Groos_Prairie_m0,Groos_SESavanna_m0,Groos_SWSavanna_m0,H1_m15,H2_m15,HFXX_A1409t,HFXX_A1_18,HighPoint1_m15,HighPoint3_m15,HillcrestTall_m0,HLPX_A3352t,HLPX_A3_18,HPNX_A5406t,HPNX_A5_18,HPWX_A1336t,HPWX_A1_18,HuronTDr_m0,J1_m10,J2_m15,J3_m15,JSE_m15,K1998_m15,K1999_m15,K2_m15,K2015_m15,K79_m15,KildeaBack_m0,KishCorr54_m15,KishCorr871Mesic_m15,KishCorr873Dry_m15,KishHead1_m15,KishHead3_m15,KNC_Central_m0,KNC_North_m0,KNC_South_m0,L2_m15,L6_m15,LN_m15,LXXX_A1211,LXXX_A1_18,Marengo282_m15,Marengo84_m15,Mehring_m0,Monsanto_m0,MUXX_B2350t,MUXX_B2_18,NorthBranch_m15,O1_m15,O2_m15,PioneerFen_m15,PleasantValley55_m15,PleasantValley81_m15,PokagonEast_m0,PokagonWest_m0,SandCreekDryEast_m0,SandCreekMesic_m0,SBEE_A1438t,SBEE_A1_18,SBEW_A2447t,SBEW_A2_18,SBXX_A2439t,SBXX_A2_18,SFXX_A4283t,SFXX_A4_18,StickneyRun_m15,TCEX_A2337t,TCEX_A2_18,TCXX_A1273t,TCXX_A1_18,WHXX_A1_18,WHXX_A1365t
A2_m25,A302_m25,A4_m25,ARR_m25,B1_m25,B2_m25,B3_m25,B4_m25,BoudemanKappy_m10,BoudemanMain_m10,Brookdale_m25,BruceWillis_m15,ButlerWest_m10,C1_m25,C2_m25,C3_m25,C4_m25,Calme_m10,CCEE_A4422,CCEE_A4_18,CCEX_A4110t,CCEX_A4_18,CCW_A2_18,CCWE_A3396t,CCWE_A3_18,CCWX_A2,ConradN_m25,D1_m25,E1_m25,ELF_AntonEastAddition_m10,ELF_AntonWest_m10,ELF_BarnhouseSouth1_m10,ELF_Bohunk2_m10,ELF_ELI_m10,ELF_Gench_m10,ELF_GenchAgNE_m10,ELF_GenchAgNW_m10,ELF_GenchAgSE_m10,ELF_GenchAgSW_m10,ELF_HQAddition_m10,ELF_KneppleCorridor_m10,ELF_ParsonsNorth_m10,F1_m25,FCXX_A5445t,FCXX_A5_18,FRR_m25,FRRE_m25,GilchristPhase1_m10,GilchristPhase2_m10,GlacialPark_m25,GooseLake417_m25,GooseLake463_m25,Groos_Prairie_m10,Groos_SESavanna_m10,Groos_SWSavanna_m10,H1_m25,H2_m25,HFXX_A3,HFXX_A3_18,HighPoint1_m25,HighPoint3_m25,HillcrestTall_m10,HLPX_A4239,HLPX_A4_18,HPNX_B1186,HPNX_B1_18,HPWX_A3366t,HPWX_A3_18,HuronTDr_m10,J1_m15,J2_m25,J3_m25,JSE_m25,K1998_m25,K1999_m25,K2_m25,K2015_m25,K79_m25,KildeaBack_m10,KishCorr54_m25,KishCorr871Mesic_m25,KishCorr873Dry_m25,KishHead1_m25,KishHead3_m25,KNC_Central_m10,KNC_North_m10,KNC_South_m10,L2_m25,L6_m25,LN_m25,LXXX_A2162,LXXX_A2_18,Marengo282_m25,Marengo84_m25,Mehring_m10,Monsanto_m10,MUXX_B327t,MUXX_B4_18,NorthBranch_m25,O1_m25,O2_m25,PioneerFen_m25,PleasantValley55_m25,PleasantValley81_m25,PokagonEast_m10,PokagonWest_m10,SandCreekDryEast_m10,SandCreekMesic_m10,SBEE_A2434t,SBEE_A2_18,SBEW_A4448t,SBEW_A4_18,SBXX_A3440t,SBXX_A3_18,SFXX_A5166t,SFXX_A5_18,StickneyRun_m25,TCEX_A3355t,TCEX_A3_18,TCXX_A4429t,TCXX_A4_18,WHXX_A4_18,WHXX_A4161t
A2_m35,A302_m35,A4_m35,ARR_m35,B1_m35,B2_m35,B3_m35,B4_m35,BoudemanKappy_m15,BoudemanMain_m15,Brookdale_m35,BruceWillis_m20,ButlerWest_m15,C1_m35,C2_m35,C3_m35,C4_m35,Calme_m15,CCEE_A5419,CCEE_A5_18,CCEX_A5203t,CCEX_A5_18,CCW_A5_18,CCWE_B5416t,CCWE_B5_18,CCWX_A5284t,ConradN_m35,D1_m35,E1_m35,ELF_AntonEastAddition_m15,ELF_AntonWest_m15,ELF_BarnhouseSouth1_m15,ELF_Bohunk2_m15,ELF_ELI_m15,ELF_Gench_m15,ELF_GenchAgNE_m15,ELF_GenchAgNW_m15,ELF_GenchAgSE_m15,ELF_GenchAgSW_m15,ELF_HQAddition_m15,ELF_KneppleCorridor_m15,ELF_ParsonsNorth_m15,F1_m35,FCXX_B1259T,FCXX_B1_18,FRR_m35,FRRE_m35,GilchristPhase1_m15,GilchristPhase2_m15,GlacialPark_m35,GooseLake417_m35,GooseLake463_m35,Groos_Prairie_m15,Groos_SESavanna_m15,Groos_SWSavanna_m15,H1_m35,H2_m35,HFXX_A5410t,HFXX_A5_18,HighPoint1_m35,HighPoint3_m35,HillcrestTall_m15,HLPX_B129,HLPX_B1_18,HPNX_B3143,HPNX_B3_18,HPWX_B3253t,HPWX_B3_18,HuronTDr_m15,J1_m25,J2_m35,J3_m35,JSE_m35,K1998_m35,K1999_m35,K2_m35,K2015_m35,K79_m35,KildeaBack_m15,KishCorr54_m35,KishCorr871Mesic_m35,KishCorr873Dry_m35,KishHead1_m35,KishHead3_m35,KNC_Central_m15,KNC_North_m15,KNC_South_m15,L2_m35,L6_m35,LN_m35,LXXX_A4375t,LXXX_A4_18,Marengo282_m35,Marengo84_m35,Mehring_m15,Monsanto_m15,MUXX_B452t,MUXX_B5_18,NorthBranch_m35,O1_m35,O2_m35,PioneerFen_m35,PleasantValley55_m35,PleasantValley81_m35,PokagonEast_m15,PokagonWest_m15,SandCreekDryEast_m15,SandCreekMesic_m15,SBEE_A4435t,SBEE_A4_18,SBEW_B5450t,SBEW_B5_18,SBXX_B4362t,SBXX_B4_18,SFXX_B3428,SFXX_B1_18,StickneyRun_m35,TCEX_B1354t,TCEX_B1_18,TCXX_A5331t,TCXX_A5_18,WHXX_B1_18,WHXX_B1220t
A2_m45,A302_m45,A4_m45,ARR_m45,B1_m45,B2_m45,B3_m45,B4_m45,BoudemanKappy_m20,BoudemanMain_m20,Brookdale_m45,BruceWillis_m25,ButlerWest_m20,C1_m45,C2_m45,C3_m45,C4_m45,Calme_m20,CCEE_B2421t,CCEE_B2_18,CCEX_B2288t,CCEX_B2_18,CCW_B1_18,CCWE_C3332t,CCWE_C3_18,CCWX_B1412t,ConradN_m45,D1_m45,E1_m45,ELF_AntonEastAddition_m20,ELF_AntonWest_m20,ELF_BarnhouseSouth1_m20,ELF_Bohunk2_m20,ELF_ELI_m20,ELF_Gench_m20,ELF_GenchAgNE_m20,ELF_GenchAgNW_m20,ELF_GenchAgSE_m20,ELF_GenchAgSW_m20,ELF_HQAddition_m20,ELF_KneppleCorridor_m20,ELF_ParsonsNorth_m20,F1_m45,FCXX_B2442t,FCXX_B2_18,FRR_m45,FRRE_m45,GilchristPhase1_m20,GilchristPhase2_m20,GlacialPark_m45,GooseLake417_m45,GooseLake463_m45,Groos_Prairie_m20,Groos_SESavanna_m20,Groos_SWSavanna_m20,H1_m45,H2_m45,HFXX_C2407t,HFXX_B2_18,HighPoint1_m45,HighPoint3_m45,HillcrestTall_m20,HLPX_B3299t,HLPX_B3_18,HPNX_B4408t,HPNX_B4_18,HPWX_B4405t,HPWX_B4_18,HuronTDr_m20,J1_m35,J2_m45,J3_m45,JSE_m45,K1998_m45,K1999_m45,K2_m45,K2015_m45,K79_m45,KildeaBack_m20,KishCorr54_m45,KishCorr871Mesic_m45,KishCorr873Dry_m45,KishHead1_m45,KishHead3_m45,KNC_Central_m20,KNC_North_m20,KNC_South_m20,L2_m45,L6_m45,LN_m45,LXXX_B1402t,LXXX_B2_18,Marengo282_m45,Marengo84_m45,Mehring_m20,Monsanto_m20,MUXX_C1164t,MUXX_C1_18,NorthBranch_m45,O1_m45,O2_m45,PioneerFen_m45,PleasantValley55_m45,PleasantValley81_m45,PokagonEast_m20,PokagonWest_m20,SandCreekDryEast_m20,SandCreekMesic_m20,SBEE_B1394t,SBEE_B1_18,SBEW_C1255t,SBEW_C1_18,SBXX_D2346t,SBXX_D2_18,SFXX_B5285,SFXX_B3_18,StickneyRun_m45,TCEX_B3373t,TCEX_C3_18,TCXX_B1397t,TCXX_B1_18,WHXX_B2_18,WHXX_B2318T
A2_m5,A302_m5,A4_m5,ARR_m5,B1_m5,B2_m5,B3_m5,B4_m5,BoudemanKappy_m25,BoudemanMain_m25,Brookdale_m5,BruceWillis_m30,ButlerWest_m25,C1_m5,C2_m5,C3_m5,C4_m5,Calme_m25,CCEE_C3293t,CCEE_C3_18,CCEX_C4287t,CCEX_C4_18,CCW_B2_18,CCWE_D2290t,CCWE_D2_18,CCWX_B2418t,ConradN_m5,D1_m5,E1_m5,ELF_AntonEastAddition_m25,ELF_AntonWest_m25,ELF_BarnhouseSouth1_m25,ELF_Bohunk2_m25,ELF_ELI_m25,ELF_Gench_m25,ELF_GenchAgNE_m25,ELF_GenchAgNW_m25,ELF_GenchAgSE_m25,ELF_GenchAgSW_m25,ELF_HQAddition_m25,ELF_KneppleCorridor_m25,ELF_ParsonsNorth_m25,F1_m5,FCXX_C3262t,FCXX_C3_18,FRR_m5,FRRE_m5,GilchristPhase1_m25,GilchristPhase2_m25,GlacialPark_m5,GooseLake417_m5,GooseLake463_m5,Groos_Prairie_m25,Groos_SESavanna_m25,Groos_SWSavanna_m25,H1_m5,H2_m5,HFXX_C4370t,HFXX_B2118,HighPoint1_m5,HighPoint3_m5,HillcrestTall_m25,HLPX_B5343t,HLPX_B5_18,HPNX_B5105,HPNX_B5_18,HPWX_D118,HPWX_D1_18,HuronTDr_m25,J1_m45,J2_m5,J3_m5,JSE_m5,K1998_m5,K1999_m5,K2_m5,K2015_m5,K79_m5,KildeaBack_m25,KishCorr54_m5,KishCorr871Mesic_m5,KishCorr873Dry_m5,KishHead1_m5,KishHead3_m5,KNC_Central_m25,KNC_North_m25,KNC_South_m25,L2_m5,L6_m5,LN_m5,LXXX_B572,LXXX_B5_18,Marengo282_m5,Marengo84_m5,Mehring_m25,Monsanto_m25,MUXX_C418t,MUXX_C4_18,NorthBranch_m5,O1_m5,O2_m5,PioneerFen_m5,PleasantValley55_m5,PleasantValley81_m5,PokagonEast_m25,PokagonWest_m25,SandCreekDryEast_m25,SandCreekMesic_m25,SBEE_C4356t,SBEE_C4_18,SBEW_C4256t,SBEW_C4_18,SBXX_D3371t,SBXX_D3_18,SFXX_C3286t,SFXX_C3_18,StickneyRun_m5,TCEX_C3275t,TCEX_C5_18,TCXX_C3276t,TCXX_C3_18,WHXX_B3_18,WHXX_B3190
,,,,,,,,BoudemanKappy_m30,BoudemanMain_m30,,BruceWillis_m35,ButlerWest_m30,,,,,Calme_m30,CCEE_C4289t,CCEE_C4_18,CCEX_D18t,CCEX_D1_18,CCW_B3_18,CCWE_D3359t,CCWE_D3_18,CCWX_B3415t,ConradRemnant_m15,,,ELF_AntonEastAddition_m30,ELF_AntonWest_m30,ELF_BarnhouseSouth1_m30,ELF_Bohunk2_m30,ELF_ELI_m30,ELF_Gench_m30,ELF_GenchAgNE_m30,ELF_GenchAgNW_m30,ELF_GenchAgSE_m30,ELF_GenchAgSW_m30,ELF_HQAddition_m30,ELF_KneppleCorridor_m30,ELF_ParsonsNorth_m30,,FCXX_C4204t,FCXX_C4_18,,,GilchristPhase1_m30,GilchristPhase2_m30,,,,Groos_Prairie_m30,Groos_SESavanna_m30,Groos_SWSavanna_m30,,,HFXX_D3247,HFXX_C2_18,,,HillcrestTall_m30,HLPX_C2233,HLPX_C2_18,HPNX_C5389t,HPNX_C5_18,HPWX_D420,HPWX_D4_18,HuronTDr_m30,J1_m5,,,,,,K2015_m15,K79_m15,,KildeaBack_m30,,,,,,KNC_Central_m30,KNC_North_m30,KNC_South_m30,,,,LXXX_C1196,LXXX_C1_18,,,Mehring_m30,Monsanto_m30,MUXX_C5340t,MUXX_C5_18,,,,,,,PokagonEast_m30,PokagonWest_m30,SandCreekDryEast_m30,SandCreekMesic_m30,SBEE_C5391t,SBEE_C5_18,SBEW_C5341t,SBEW_C5_18,SBXX_D4263t,SBXX_D4_18,SFXX_D214t,SFXX_D2_18,,TCEX_C5278t,TCEX_D1_18,TCXX_D2395t,TCXX_D2_18,WHXX_B5_18,WHXX_B5348t
,,,,,,,,BoudemanKappy_m35,BoudemanMain_m35,,BruceWillis_m40,ButlerWest_m35,,,,,Calme_m35,CCEE_D1296t,CCEE_D1_18,CCEX_D2280t,CCEX_D2_18,CCW_C1_18,CCWE_D4297t,CCWE_D4_18,CCWX_C1347t,ConradRemnant_m25,,,ELF_AntonEastAddition_m35,ELF_AntonWest_m35,ELF_BarnhouseSouth1_m35,ELF_Bohunk2_m35,ELF_ELI_m35,ELF_Gench_m35,ELF_GenchAgNE_m35,ELF_GenchAgNW_m35,ELF_GenchAgSE_m35,ELF_GenchAgSW_m35,ELF_HQAddition_m35,ELF_KneppleCorridor_m35,ELF_ParsonsNorth_m35,,FCXX_D1258T,FCXX_D1_18,,,GilchristPhase1_m35,GilchristPhase2_m35,,,,Groos_Prairie_m35,Groos_SESavanna_m35,Groos_SWSavanna_m35,,,HFXX_D4358t,HFXX_C4_18,,,HillcrestTall_m35,HLPX_C3404t,HLPX_C3_18,HPNX_D1109,HPNX_D1_18,HPWX_E1129,HPWX_E1_18,HuronTDr_m35,,,,,,,K2015_m25,K79_m25,,KildeaBack_m35,,,,,,KNC_Central_m35,KNC_North_m35,KNC_South_m35,,,,LXXX_C3367t,LXXX_C3_18,,,Mehring_m35,Monsanto_m35,MUXX_D1351t,MUXX_D1_18,,,,,,,PokagonEast_m35,PokagonWest_m35,SandCreekDryEast_m35,SandCreekMesic_m35,SBEE_D1357t,SBEE_D1_18,SBEW_D3364t,SBEW_D3_18,SBXX_D5390t,SBXX_D5_18,SFXX_E1144t,SFXX_E1_18,,TCEX_D1336t,TCEX_D3_18,TCXX_D5427t,TCXX_D5_18,WHXX_D1_18,WHXX_D17t
,,,,,,,,BoudemanKappy_m40,BoudemanMain_m40,,BruceWillis_m45,ButlerWest_m40,,,,,Calme_m40,CCEE_D2295t,CCEE_D2_18,CCEX_E32,CCEX_E3_18,CCW_D1_18,CCWE_E3361t,CCWE_E3_18,CCWX_D1229t,ConradRemnant_m35,,,ELF_AntonEastAddition_m40,ELF_AntonWest_m40,ELF_BarnhouseSouth1_m40,ELF_Bohunk2_m40,ELF_ELI_m40,ELF_Gench_m40,ELF_GenchAgNE_m40,ELF_GenchAgNW_m40,ELF_GenchAgSE_m40,ELF_GenchAgSW_m40,ELF_HQAddition_m40,ELF_KneppleCorridor_m40,ELF_ParsonsNorth_m40,,FCXX_D2444T,FCXX_D2_18,,,GilchristPhase1_m40,GilchristPhase2_m40,,,,Groos_Prairie_m40,Groos_SESavanna_m40,Groos_SWSavanna_m40,,,HFXX_E2125,HFXX_D3_18,,,HillcrestTall_m40,HLPX_C432,HLPX_C4_18,HPNX_D5192,HPNX_D5_18,HPWX_E3216,HPWX_E3_18,HuronTDr_m40,,,,,,,K2015_m35,K79_m35,,KildeaBack_m40,,,,,,KNC_Central_m40,KNC_North_m40,KNC_South_m40,,,,LXXX_C415,LXXX_C4_18,,,Mehring_m40,Monsanto_m40,MUXX_D461t,MUXX_D4_18,,,,,,,PokagonEast_m40,PokagonWest_m40,SandCreekDryEast_m40,SandCreekMesic_m40,SBEE_D2264t,SBEE_D2_18,SBEW_E2252t,SBEW_E2_18,SBXX_E2363t,SBXX_E2_18,SFXX_E3158,SFXX_E3_18,,TCEX_D4277t,TCEX_D4_18,TCXX_E1360t,TCXX_E1_18,WHXX_D2_18,WHXX_D2217t
,,,,,,,,BoudemanKappy_m45,BoudemanMain_m45,,BruceWillis_m5,ButlerWest_m45,,,,,Calme_m45,CCEE_E4291t,CCEE_E4_18,CCEX_E4281t,CCEX_E4_18,CCW_D3_18,CCWE_E4294t,CCWE_E4_18,CCWX_D3320t,ConradRemnant_m45,,,ELF_AntonEastAddition_m45,ELF_AntonWest_m45,ELF_BarnhouseSouth1_m45,ELF_Bohunk2_m45,ELF_ELI_m45,ELF_Gench_m45,ELF_GenchAgNE_m45,ELF_GenchAgNW_m45,ELF_GenchAgSE_m45,ELF_GenchAgSW_m45,ELF_HQAddition_m45,ELF_KneppleCorridor_m45,ELF_ParsonsNorth_m45,,FCXX_E4443t,FCXX_E4_18,,,GilchristPhase1_m45,GilchristPhase2_m45,,,,Groos_Prairie_m45,Groos_SESavanna_m45,Groos_SWSavanna_m45,,,HFXX_E4109,HFXX_D4_18,,,HillcrestTall_m45,HLPX_C5245,HLPX_C5_18,HPNX_E2368t,HPNX_E2_18,HPWX_E4403t,HPWX_E4_18,HuronTDr_m45,,,,,,,K2015_m45,K79_m45,,KildeaBack_m45,,,,,,KNC_Central_m45,KNC_North_m45,KNC_South_m45,,,,LXXX_D3317t,LXXX_D3_18,,,Mehring_m45,Monsanto_m45,MUXX_E2242t,MUXX_E2_18,,,,,,,PokagonEast_m45,PokagonWest_m45,SandCreekDryEast_m45,SandCreekMesic_m45,SBEE_D3265t,SBEE_D3_18,SBEW_E3257t,SBEW_E3_18,SBXX_E3260t,SBXX_E3_18,SFXX_E4154,SFXX_E4_18,,TCEX_E2400t,TCEX_E2_18,TCXX_E2392t,TCXX_E2_18,WHXX_D5_18,WHXX_D5417t
,,,,,,,,BoudemanKappy_m5,BoudemanMain_m5,,,ButlerWest_m5,,,,,Calme_m5,CCEE_E5300t,CCEE_E5_18,CCEX_E5298t,CCEX_E5_18,CCW_E2_18,CCWE_E5319t,CCWE_E5_18,CCWX_E2250t,ConradRemnant_m5,,,ELF_AntonEastAddition_m5,ELF_AntonWest_m5,ELF_BarnhouseSouth1_m5,ELF_Bohunk2_m5,ELF_ELI_m5,ELF_Gench_m5,ELF_GenchAgNE_m5,ELF_GenchAgNW_m5,ELF_GenchAgSE_m5,ELF_GenchAgSW_m5,ELF_HQAddition_m5,ELF_KneppleCorridor_m5,ELF_ParsonsNorth_m5,,FCXX_E5446T,FCXX_E5_18,,,GilchristPhase1_m5,GilchristPhase2_m5,,,,Groos_Prairie_m5,Groos_SESavanna_m5,Groos_SWSavanna_m5,,,,HFXX_E2_18,,,HillcrestTall_m5,HLPX_D2401t,HLPX_D2_18,HPNX_E4325t,HPNX_E4_18,HPWX_E5210,HPWX_E5_18,HuronTDr_m5,,,,,,,K2015_m5,K79_m5,,KildeaBack_m5,,,,,,KNC_Central_m5,KNC_North_m5,KNC_South_m5,,,,LXXX_D5315t,LXXX_D5_18,,,Mehring_m5,Monsanto_m5,MUXX_E5345t,MUXX_E5_18,,,,,,,PokagonEast_m5,PokagonWest_m5,SandCreekDryEast_m5,SandCreekMesic_m5,SBEE_D5266t,SBEE_D5_18,SBEW_E4449t,SBEW_E4_18,SBXX_E5261t,SBXX_E5_18,SFXX_E594t,SFXX_E5_18,,TCEX_E4342t,TCEX_E4_18,TCXX_E3267t,TCXX_E3_18,WHXX_E3_18,WHXX_E3349t
,,,,,,,,,,,,,,,,,,,,,,,,,,,,,,,,,,,,,,,,,,,,,,,,,,,,,,,,,,HFXX_E4_18,,,,,,,,,,,,,,,,,K79_m15,,,,,,,,,,,,,,,,,,,,,,,,,,,,,,,,,,,,,,,,,,,,,,,
,,,,,,,,,,,,,,,,,,,,,,,,,,,,,,,,,,,,,,,,,,,,,,,,,,,,,,,,,,,,,,,,,,,,,,,,,,,K79_m25,,,,,,,,,,,,,,,,,,,,,,,,,,,,,,,,,,,,,,,,,,,,,,,
,,,,,,,,,,,,,,,,,,,,,,,,,,,,,,,,,,,,,,,,,,,,,,,,,,,,,,,,,,,,,,,,,,,,,,,,,,,K79_m35,,,,,,,,,,,,,,,,,,,,,,,,,,,,,,,,,,,,,,,,,,,,,,,
,,,,,,,,,,,,,,,,,,,,,,,,,,,,,,,,,,,,,,,,,,,,,,,,,,,,,,,,,,,,,,,,,,,,,,,,,,,K79_m45,,,,,,,,,,,,,,,,,,,,,,,,,,,,,,,,,,,,,,,,,,,,,,,
,,,,,,,,,,,,,,,,,,,,,,,,,,,,,,,,,,,,,,,,,,,,,,,,,,,,,,,,,,,,,,,,,,,,,,,,,,,K79_m5,,,,,,,,,,,,,,,,,,,,,,,,,,,,,,,,,,,,,,,,,,,,,,,
